CustomerID,Age,Gender,Annual_Income_k$,Spending_Score,Visits_Per_Month,Average_Purchase_Value
1,56,Male,83,84,2,99.65
2,69,Female,62,44,4,159.81
3,46,Female,34,87,10,245.59
4,32,Male,115,96,7,333.73
5,60,Female,82,75,17,266.38
6,25,Female,49,39,6,484.87
7,38,Female,79,54,19,363.37
8,56,Male,22,88,5,109.96
9,36,Female,59,75,10,57.02
10,40,Female,101,29,9,345.76
11,28,Male,90,54,13,83.43
12,28,Male,90,90,19,394.9
13,41,Female,61,16,6,158.96
14,53,Female,29,99,4,166.81
15,57,Male,119,20,3,10.35
16,41,Male,40,46,3,352.0
17,20,Female,66,67,4,61.07
18,39,Female,107,65,5,387.58
19,19,Female,35,58,8,248.47
20,41,Female,65,53,16,393.22
21,61,Male,52,1,3,294.04
22,47,Female,34,81,12,45.8
23,55,Female,146,66,8,384.0
24,19,Male,69,29,13,39.55
25,38,Female,106,84,4,241.96
26,50,Male,42,70,14,90.31
27,29,Female,18,8,14,377.41
28,39,Female,90,29,13,456.24
29,61,Male,81,51,6,279.29
30,42,Male,100,33,17,265.94
31,66,Female,105,3,4,383.16
32,44,Female,119,60,8,7.51
33,59,Female,15,35,17,459.29
34,45,Male,86,69,3,102.74
35,33,Female,101,91,17,492.14
36,32,Male,20,76,9,369.45
37,64,Male,75,84,2,388.25
38,68,Female,26,20,13,329.82
39,61,Male,20,73,2,238.47
40,69,Female,41,39,11,287.96
41,20,Female,138,4,15,27.97
42,54,Female,120,19,11,313.86
43,68,Female,107,91,3,314.92
44,24,Female,123,45,3,446.14
45,38,Male,113,43,12,255.3
46,26,Male,49,13,5,43.19
47,56,Female,98,13,7,156.57
48,35,Female,70,60,7,329.54
49,21,Male,63,57,13,123.43
50,42,Male,60,86,9,143.86
51,31,Male,127,92,13,411.13
52,67,Male,57,52,12,294.24
53,26,Female,138,53,13,256.72
54,43,Female,111,86,10,162.63
55,19,Male,104,43,1,366.81
56,37,Female,53,83,8,147.42
57,45,Male,99,72,16,369.85
58,64,Female,76,72,13,39.7
59,24,Male,120,42,3,432.95
60,61,Female,121,90,3,252.29
61,25,Male,68,26,5,222.06
62,64,Male,140,23,11,307.46
63,52,Female,23,43,7,313.98
64,31,Male,102,77,10,70.36
65,34,Female,51,28,10,379.34
66,53,Female,63,9,2,141.58
67,67,Male,55,20,3,452.96
68,57,Female,31,56,8,409.84
69,21,Female,102,83,11,176.4
70,19,Female,35,39,13,404.83
71,23,Female,65,51,7,181.41
72,59,Female,73,12,13,54.97
73,21,Male,55,79,2,481.13
74,46,Female,53,95,6,328.04
75,35,Female,25,55,9,230.77
76,43,Female,91,78,2,201.9
77,61,Female,141,11,18,165.73
78,51,Female,60,26,16,490.82
79,27,Male,59,42,12,71.7
80,53,Female,15,27,7,160.83
81,31,Male,122,11,7,245.32
82,48,Male,33,38,17,241.61
83,65,Male,90,98,13,238.33
84,32,Male,86,43,11,92.01
85,25,Female,123,19,6,76.74
86,31,Male,26,64,14,131.11
87,40,Male,59,6,6,457.69
88,57,Female,104,46,6,60.96
89,38,Female,117,42,2,379.93
90,33,Female,22,92,15,379.99
91,62,Male,105,65,17,405.84
92,35,Female,101,99,8,443.87
93,64,Female,98,72,5,135.2
94,41,Male,96,59,17,116.16
95,43,Female,82,52,1,235.43
96,42,Female,141,47,18,136.22
97,62,Female,96,7,15,368.48
98,58,Female,98,11,5,319.79
99,46,Male,127,61,7,438.12
100,32,Female,90,68,18,45.96
101,62,Female,136,25,6,457.97
102,18,Male,55,12,5,150.21
103,42,Female,16,26,19,247.89
104,24,Male,43,12,10,222.11
105,26,Female,119,43,15,381.35
106,41,Male,65,51,10,213.06
107,18,Male,89,37,16,472.06
108,61,Male,24,46,12,451.75
109,25,Male,65,53,18,436.72
110,41,Female,132,88,1,40.27
111,28,Male,135,80,16,427.86
112,68,Female,53,13,6,391.91
113,34,Male,42,89,3,56.24
114,25,Male,17,54,2,58.17
115,52,Male,98,57,2,55.08
116,52,Female,131,4,13,10.61
117,50,Male,16,75,9,276.57
118,22,Female,107,96,16,486.83
119,59,Female,145,49,5,222.15
120,56,Female,108,7,7,272.67
121,58,Female,54,11,13,484.15
122,45,Female,16,92,13,131.32
123,24,Female,95,54,7,429.94
124,26,Female,26,87,10,275.46
125,25,Female,79,45,15,286.89
126,29,Female,69,23,6,174.87
127,51,Male,59,28,5,282.98
128,50,Male,115,57,2,41.21
129,65,Male,76,26,15,383.5
130,40,Male,63,25,16,145.92
131,41,Male,141,54,19,444.37
132,54,Female,37,29,9,187.09
133,52,Female,52,83,19,75.7
134,61,Female,42,97,7,349.46
135,57,Female,35,36,4,86.47
136,39,Female,121,14,3,378.07
137,44,Female,113,78,11,484.22
138,52,Female,133,35,1,390.88
139,18,Male,87,30,6,16.11
140,52,Male,136,92,11,301.94
141,54,Male,44,17,1,349.23
142,64,Male,122,67,7,413.6
143,31,Female,112,80,6,32.72
144,20,Female,46,30,14,242.65
145,18,Female,93,93,2,270.01
146,22,Male,55,45,4,88.72
147,43,Female,77,79,11,164.61
148,31,Female,37,89,15,222.91
149,56,Female,118,51,18,417.44
150,44,Male,89,47,1,465.06
151,26,Female,62,53,3,316.07
152,32,Male,71,64,3,200.5
153,32,Male,132,38,7,130.75
154,43,Male,114,64,1,491.16
155,59,Male,138,87,11,491.59
156,30,Female,48,89,6,462.86
157,68,Male,21,7,3,393.91
158,49,Male,70,22,19,166.26
159,56,Female,79,81,2,409.42
160,66,Female,61,82,18,207.35
161,69,Male,33,41,12,166.75
162,49,Female,140,74,10,373.71
163,21,Male,63,10,5,44.43
164,47,Male,127,57,9,29.04
165,54,Male,52,7,2,226.74
166,40,Male,78,50,2,225.59
167,56,Female,83,91,6,448.34
168,62,Male,130,52,10,67.45
169,32,Female,79,33,18,66.03
170,60,Female,45,1,12,77.99
171,46,Female,146,53,4,19.72
172,53,Female,127,60,17,40.51
173,30,Male,123,34,15,331.64
174,49,Female,83,4,6,218.63
175,24,Male,134,17,16,382.98
176,68,Female,102,4,17,496.34
177,39,Female,81,43,3,331.22
178,45,Male,89,90,10,29.98
179,19,Male,59,4,5,56.76
180,59,Male,18,1,14,441.1
181,62,Female,121,71,13,266.11
182,23,Female,65,94,6,413.29
183,45,Male,64,50,12,429.02
184,45,Male,20,73,8,464.2
185,61,Male,73,61,5,475.17
186,61,Male,139,35,15,279.64
187,37,Female,44,8,16,173.8
188,47,Male,136,24,1,481.12
189,28,Male,139,83,16,275.97
190,45,Male,51,36,5,36.81
191,42,Male,138,50,3,323.17
192,56,Female,115,43,15,295.9
193,50,Male,49,27,13,448.42
194,18,Female,101,32,16,328.33
195,44,Male,148,78,11,177.78
196,69,Male,32,18,2,483.28
197,30,Female,127,28,6,401.8
198,58,Male,43,29,6,317.06
199,20,Female,91,16,14,150.0
200,56,Female,73,99,11,189.9
201,23,Male,140,47,8,336.64
202,25,Female,123,59,8,40.63
203,44,Female,36,31,1,132.06
204,26,Female,82,4,7,358.38
205,54,Female,83,37,6,242.61
206,50,Female,63,17,8,204.18
207,68,Female,123,39,19,79.97
208,59,Female,100,48,8,223.72
209,61,Female,67,46,14,386.49
210,41,Male,137,90,18,135.69
211,32,Male,101,48,16,7.67
212,49,Female,145,39,9,335.91
213,49,Male,56,4,15,486.45
214,41,Female,112,30,10,305.38
215,58,Female,123,30,16,64.36
216,69,Male,65,22,4,163.76
217,66,Female,99,75,13,434.48
218,66,Female,141,66,5,120.12
219,69,Female,35,12,7,305.81
220,29,Female,58,94,9,204.32
221,56,Male,117,36,8,107.88
222,19,Female,82,18,16,407.64
223,20,Female,143,90,6,372.7
224,66,Female,106,53,16,332.49
225,54,Male,38,71,6,121.99
226,66,Female,139,1,14,53.44
227,34,Male,125,58,1,290.2
228,66,Male,112,90,9,279.07
229,19,Female,31,87,13,98.25
230,19,Female,113,90,19,32.84
231,45,Male,96,6,17,44.95
232,40,Female,118,70,11,496.42
233,54,Male,33,44,8,392.87
234,49,Male,99,72,5,461.38
235,50,Female,22,24,10,101.55
236,18,Female,42,86,7,480.48
237,36,Male,19,19,10,75.61
238,19,Male,115,18,4,257.0
239,61,Male,132,95,9,415.7
240,43,Male,78,30,14,178.15
241,49,Female,105,42,2,215.29
242,23,Female,131,33,9,68.45
243,49,Female,112,74,1,65.85
244,21,Female,25,12,10,311.69
245,28,Female,68,94,10,339.39
246,34,Male,61,27,3,389.78
247,55,Female,19,39,6,280.56
248,41,Female,34,9,6,324.65
249,22,Female,60,21,2,11.69
250,69,Female,26,76,18,85.27
251,51,Female,84,29,2,492.53
252,23,Male,31,33,12,42.62
253,39,Male,129,62,5,341.0
254,28,Male,62,15,7,92.16
255,65,Female,122,2,16,359.78
256,33,Male,66,52,1,354.47
257,50,Male,110,44,1,120.93
258,26,Female,84,54,17,138.47
259,23,Female,116,18,1,329.11
260,33,Female,89,3,13,198.09
261,46,Male,96,7,9,101.3
262,20,Male,106,43,15,367.18
263,37,Female,18,82,3,81.3
264,53,Female,149,38,14,428.54
265,36,Male,123,37,11,259.76
266,43,Male,62,58,12,57.32
267,20,Female,87,33,13,348.57
268,36,Female,86,59,13,261.99
269,37,Male,130,95,1,152.54
270,49,Female,95,11,10,214.16
271,24,Male,95,68,3,152.68
272,69,Male,127,82,4,135.2
273,58,Male,110,68,16,85.99
274,50,Male,86,98,8,184.57
275,57,Female,77,93,16,129.24
276,56,Female,52,88,17,343.3
277,35,Male,81,22,19,343.52
278,57,Male,83,66,15,253.41
279,18,Male,27,44,16,390.08
280,28,Male,45,6,15,421.46
281,45,Male,128,42,2,291.98
282,42,Female,36,25,11,311.37
283,67,Female,107,57,1,145.03
284,40,Female,81,85,15,447.96
285,48,Female,68,55,19,16.98
286,47,Male,56,16,4,177.56
287,59,Male,78,95,11,362.29
288,52,Male,140,14,5,44.64
289,24,Male,35,39,3,95.67
290,33,Male,49,28,13,296.7
291,43,Female,44,96,10,282.2
292,65,Male,71,92,11,370.77
293,69,Female,61,51,18,407.24
294,66,Female,33,49,2,68.65
295,19,Female,128,9,7,14.1
296,18,Female,22,58,9,346.37
297,65,Male,40,45,10,154.19
298,29,Female,127,22,18,314.86
299,22,Female,85,32,7,79.52
300,54,Female,44,69,7,237.17
301,49,Male,149,87,3,254.69
302,26,Male,81,69,12,294.61
303,58,Male,79,42,7,259.02
304,52,Female,50,53,17,250.37
305,36,Female,39,96,1,169.7
306,65,Male,51,59,5,40.23
307,33,Female,15,74,16,49.31
308,20,Male,51,39,15,219.72
309,37,Male,147,15,2,181.12
310,41,Female,142,71,9,260.49
311,50,Female,141,29,7,155.89
312,41,Female,15,3,4,345.52
313,69,Female,49,83,18,432.66
314,28,Male,118,10,4,152.94
315,66,Male,37,92,13,100.53
316,25,Male,23,29,1,62.51
317,53,Male,48,79,3,310.05
318,55,Male,142,35,16,224.71
319,57,Female,18,6,4,98.07
320,37,Male,116,12,16,328.3
321,52,Male,89,38,19,78.5
322,65,Male,113,77,1,279.38
323,42,Female,86,93,5,265.94
324,52,Female,17,19,19,368.44
325,42,Female,48,67,11,32.28
326,46,Female,59,8,13,444.5
327,35,Male,75,8,5,352.98
328,63,Male,97,84,4,111.98
329,35,Female,137,47,4,95.79
330,19,Female,116,4,4,218.67
331,52,Male,30,51,4,409.69
332,33,Male,80,85,18,422.26
333,58,Female,133,67,18,262.63
334,53,Female,138,45,16,431.1
335,50,Female,116,8,9,7.69
336,21,Female,80,87,18,22.41
337,50,Male,27,16,2,456.35
338,31,Male,125,77,4,388.79
339,38,Male,48,67,12,228.1
340,65,Female,53,9,7,378.04
341,37,Female,134,60,15,478.04
342,25,Male,140,78,7,387.18
343,24,Male,69,77,17,421.97
344,20,Male,41,71,16,381.5
345,34,Male,132,15,19,88.26
346,50,Female,67,71,9,417.62
347,65,Male,53,98,14,101.58
348,29,Male,79,41,17,446.84
349,68,Male,27,22,5,232.03
350,39,Male,35,24,2,340.1
351,39,Male,67,44,16,251.13
352,63,Male,33,1,14,51.53
353,47,Male,71,10,14,148.91
354,55,Female,39,80,1,491.95
355,55,Female,45,72,3,480.55
356,62,Female,95,56,7,163.64
357,68,Female,37,89,15,498.17
358,25,Male,46,50,19,423.55
359,44,Female,88,12,2,307.42
360,44,Female,24,89,19,24.86
361,51,Male,68,81,9,451.22
362,38,Male,66,60,19,280.93
363,47,Female,128,26,5,434.9
364,50,Female,28,78,18,418.04
365,45,Male,124,41,16,417.34
366,64,Female,67,36,4,350.6
367,50,Male,93,23,12,149.25
368,22,Male,36,43,7,171.4
369,65,Male,44,6,14,157.69
370,36,Male,18,69,12,14.92
371,21,Female,73,43,3,293.37
372,52,Male,22,25,5,350.92
373,66,Male,26,18,17,427.66
374,34,Female,133,62,10,74.38
375,61,Male,48,13,10,274.37
376,45,Female,96,43,11,8.96
377,47,Female,112,78,17,52.07
378,46,Female,141,28,5,31.83
379,63,Male,89,18,13,364.11
380,23,Female,119,59,10,45.12
381,52,Female,63,60,9,359.64
382,58,Male,93,63,17,128.56
383,54,Female,107,57,1,439.47
384,41,Female,32,92,4,407.51
385,46,Female,110,51,4,479.13
386,66,Female,52,56,18,442.46
387,63,Female,101,27,9,467.0
388,48,Male,102,32,18,430.08
389,52,Female,64,9,14,348.22
390,50,Female,22,96,15,89.28
391,69,Male,148,84,6,139.5
392,38,Male,83,92,10,110.3
393,49,Male,135,97,15,303.77
394,40,Female,78,68,4,254.29
395,50,Male,135,46,18,434.2
396,20,Female,79,98,18,476.57
397,35,Female,121,67,17,205.41
398,42,Male,114,26,12,255.64
399,59,Male,96,8,7,485.9
400,48,Female,65,6,16,141.74
401,20,Male,97,80,11,397.23
402,57,Female,126,24,14,116.49
403,63,Male,70,48,3,342.32
404,41,Male,74,94,19,130.54
405,67,Male,134,45,18,442.45
406,49,Female,37,13,10,282.93
407,64,Male,27,69,6,97.04
408,39,Female,115,25,13,116.06
409,40,Female,38,20,10,249.46
410,19,Female,122,82,18,480.99
411,44,Female,25,82,16,385.97
412,59,Male,31,66,6,246.71
413,19,Female,39,74,13,172.17
414,43,Female,108,45,4,276.89
415,34,Male,35,47,14,375.44
416,57,Female,98,63,1,393.04
417,50,Male,51,76,5,165.68
418,26,Female,56,77,8,361.97
419,60,Male,115,55,12,330.61
420,65,Female,62,75,2,479.76
421,56,Male,117,19,12,465.89
422,46,Female,42,35,5,395.74
423,59,Female,55,53,5,363.08
424,43,Male,113,26,13,140.65
425,52,Male,61,14,9,423.75
426,67,Male,119,45,10,216.62
427,42,Male,138,44,1,139.76
428,41,Female,27,88,3,195.16
429,30,Female,114,65,18,418.79
430,24,Male,45,51,12,78.57
431,53,Female,144,43,3,230.8
432,62,Male,30,86,9,248.72
433,37,Male,87,23,2,23.13
434,18,Female,68,56,3,101.89
435,25,Female,114,19,14,414.24
436,63,Female,123,82,4,416.23
437,33,Female,101,76,19,149.75
438,31,Female,22,55,13,438.07
439,29,Female,21,92,7,387.03
440,68,Female,50,92,12,211.86
441,40,Male,32,60,3,375.46
442,32,Male,17,59,9,480.86
443,45,Male,42,33,2,232.19
444,51,Male,84,19,9,123.02
445,19,Male,42,28,12,471.2
446,49,Female,68,52,12,303.85
447,40,Male,79,49,15,57.11
448,39,Male,114,37,2,288.48
449,68,Male,35,26,18,252.79
450,42,Male,27,99,13,428.52
451,39,Male,71,98,14,267.69
452,39,Male,63,99,5,131.34
453,66,Male,132,40,10,339.44
454,69,Female,68,80,12,273.57
455,59,Female,67,38,10,120.36
456,23,Male,58,77,11,288.95
457,32,Female,61,87,2,411.66
458,60,Female,67,54,5,19.14
459,54,Female,88,22,7,317.27
460,50,Female,60,16,6,178.04
461,25,Male,27,28,3,149.87
462,61,Female,116,35,13,199.33
463,61,Female,38,60,3,174.3
464,22,Female,16,45,6,416.96
465,56,Male,95,46,11,141.02
466,21,Male,114,72,17,367.91
467,23,Male,145,55,10,51.56
468,62,Male,125,86,12,475.94
469,49,Male,116,85,17,313.05
470,69,Male,31,26,4,354.83
471,47,Male,26,85,2,152.53
472,64,Female,130,25,11,208.99
473,52,Female,38,65,7,115.77
474,57,Female,43,6,2,466.61
475,69,Male,136,23,18,246.61
476,33,Male,104,64,4,317.07
477,30,Male,79,87,8,368.46
478,67,Male,98,43,14,188.7
479,59,Male,133,23,12,361.45
480,47,Female,30,96,18,339.62
481,36,Female,118,30,11,354.3
482,34,Male,106,77,8,247.17
483,36,Male,41,18,2,194.55
484,45,Male,148,87,15,114.93
485,43,Male,149,79,9,413.19
486,54,Female,47,97,19,306.13
487,43,Male,69,21,8,224.95
488,40,Male,21,57,19,472.28
489,26,Male,71,23,5,28.68
490,29,Male,140,91,11,425.84
491,18,Female,26,45,15,498.8
492,18,Male,30,44,8,444.04
493,64,Male,57,82,19,406.17
494,51,Female,131,88,8,190.28
495,49,Female,149,47,19,119.5
496,65,Female,125,40,18,368.75
497,42,Male,65,51,10,155.76
498,57,Male,89,42,7,92.14
499,62,Female,22,7,9,394.33
500,18,Female,59,50,1,159.71
501,33,Female,73,48,19,457.65
502,56,Female,146,84,5,421.11
503,22,Female,118,91,19,424.58
504,39,Female,112,6,1,386.93
505,46,Male,93,91,15,441.04
506,20,Male,138,9,16,403.84
507,29,Male,18,57,7,303.24
508,43,Female,104,31,12,151.43
509,33,Female,118,21,8,444.66
510,68,Female,133,90,5,421.1
511,54,Female,147,40,10,239.08
512,39,Female,70,45,5,24.34
513,46,Female,110,77,17,321.08
514,31,Male,89,49,5,30.05
515,45,Male,46,87,15,463.51
516,22,Female,42,20,13,481.01
517,64,Male,36,92,1,98.8
518,66,Female,31,17,11,339.81
519,47,Male,73,28,1,50.67
520,63,Female,104,41,11,366.11
521,69,Female,120,66,18,176.91
522,22,Male,40,25,18,342.12
523,29,Male,39,58,16,189.57
524,33,Female,59,41,13,77.06
525,43,Female,97,6,7,206.02
526,43,Male,25,75,1,60.77
527,65,Male,118,38,16,290.56
528,38,Female,82,6,1,25.27
529,56,Male,109,45,17,266.02
530,53,Female,79,75,6,443.75
531,50,Female,63,14,2,419.75
532,47,Female,66,66,17,441.98
533,54,Female,116,40,6,461.41
534,40,Male,71,3,14,56.74
535,27,Male,61,99,18,68.73
536,22,Male,40,97,6,280.72
537,53,Male,128,24,10,447.52
538,51,Male,19,19,18,487.3
539,69,Male,98,18,9,27.9
540,48,Male,66,64,8,181.11
541,27,Female,119,88,10,110.38
542,36,Male,68,35,17,379.2
543,49,Male,29,62,6,321.9
544,18,Female,75,1,14,64.34
545,22,Male,136,25,6,244.34
546,62,Male,35,45,7,344.29
547,21,Female,60,49,12,390.61
548,33,Male,148,98,3,14.93
549,41,Male,52,89,14,445.78
550,33,Male,76,16,19,286.79
551,19,Female,100,98,16,406.9
552,66,Male,92,93,7,404.93
553,45,Male,60,19,8,98.98
554,49,Female,17,23,18,59.54
555,44,Male,20,83,13,362.04
556,37,Female,107,25,9,82.43
557,41,Female,22,16,10,425.72
558,29,Male,122,54,9,364.46
559,67,Female,89,73,15,421.7
560,52,Female,91,1,2,153.01
561,50,Male,64,42,13,161.72
562,50,Female,25,19,2,337.25
563,68,Female,109,97,19,20.57
564,60,Male,84,34,2,364.62
565,54,Male,30,80,3,418.71
566,29,Male,82,55,6,210.51
567,20,Female,113,18,3,383.62
568,18,Male,62,34,10,91.43
569,50,Female,78,89,6,164.52
570,57,Female,104,45,16,487.28
571,27,Female,90,6,17,493.23
572,60,Female,115,21,19,258.74
573,61,Female,103,70,3,467.46
574,46,Female,32,96,18,263.75
575,30,Female,33,48,7,149.34
576,29,Male,69,39,9,137.12
577,48,Male,116,31,12,465.11
578,63,Female,132,10,5,90.36
579,19,Female,148,30,3,291.92
580,68,Male,18,18,11,279.98
581,67,Female,122,60,4,371.11
582,52,Male,129,88,5,252.13
583,40,Male,43,73,1,139.78
584,34,Male,73,95,18,88.85
585,43,Female,139,15,12,312.31
586,25,Female,112,4,13,360.9
587,46,Male,31,63,9,286.91
588,43,Male,121,40,2,370.48
589,27,Male,57,9,5,75.05
590,43,Male,94,9,13,441.82
591,51,Male,22,26,16,293.29
592,68,Female,120,4,16,67.79
593,58,Male,22,81,3,233.65
594,24,Female,110,16,4,423.17
595,21,Male,108,15,11,449.29
596,67,Female,79,99,14,136.0
597,62,Female,53,52,3,357.08
598,28,Female,95,69,16,54.49
599,46,Female,98,5,15,21.61
600,53,Female,102,20,10,282.4
601,42,Female,100,79,9,348.94
602,38,Male,107,18,11,398.91
603,53,Female,100,2,16,173.41
604,27,Male,58,93,10,8.23
605,54,Female,88,13,17,242.36
606,26,Female,50,4,19,12.85
607,41,Male,115,42,2,50.53
608,52,Female,118,74,2,166.71
609,66,Male,80,61,6,221.4
610,52,Male,69,95,19,143.34
611,65,Male,105,8,8,293.02
612,53,Male,36,67,3,32.4
613,35,Female,115,63,14,76.57
614,66,Female,135,9,16,349.15
615,56,Male,107,94,1,75.36
616,49,Female,122,11,3,321.69
617,41,Female,24,99,18,32.07
618,40,Male,23,42,9,206.65
619,49,Female,48,13,6,92.82
620,54,Male,143,36,1,59.27
621,29,Male,103,13,10,285.68
622,66,Female,107,12,6,464.53
623,30,Female,85,37,12,32.12
624,40,Female,81,74,4,213.67
625,42,Male,131,73,13,355.23
626,52,Male,108,52,17,234.03
627,58,Female,113,71,8,404.22
628,47,Female,127,2,3,93.92
629,34,Female,117,56,12,480.0
630,66,Female,105,60,7,195.66
631,37,Male,104,23,12,174.08
632,65,Female,31,40,2,437.93
633,42,Male,32,64,14,284.11
634,39,Male,130,85,5,260.64
635,30,Female,107,23,9,364.85
636,36,Female,105,29,11,292.02
637,66,Female,96,78,5,85.45
638,53,Male,82,90,3,338.73
639,29,Female,128,51,17,71.07
640,58,Female,15,69,2,403.9
641,36,Male,72,95,1,494.92
642,29,Female,123,89,7,191.81
643,26,Male,130,31,14,225.15
644,24,Female,101,50,5,27.98
645,45,Male,24,20,19,11.8
646,31,Female,73,55,11,461.1
647,48,Female,55,81,2,68.67
648,69,Male,119,2,8,225.66
649,36,Male,147,25,9,408.6
650,64,Female,136,13,3,445.21
651,33,Male,36,92,2,262.1
652,22,Male,112,70,7,284.69
653,52,Male,82,67,5,336.49
654,29,Male,70,58,5,480.88
655,42,Female,113,99,13,303.32
656,69,Female,90,82,6,281.94
657,38,Male,40,75,18,12.19
658,53,Male,129,84,2,45.07
659,40,Male,123,64,6,290.7
660,33,Male,61,69,9,468.44
661,56,Female,85,83,3,434.01
662,62,Female,54,86,1,491.38
663,59,Male,147,59,1,266.28
664,56,Male,146,60,19,395.03
665,31,Male,37,83,5,421.0
666,48,Female,120,62,13,325.78
667,22,Male,98,16,19,172.68
668,52,Female,130,88,12,237.64
669,40,Male,123,68,16,429.67
670,46,Female,55,15,19,152.78
671,60,Male,126,89,3,462.25
672,28,Female,126,55,12,118.75
673,35,Male,117,35,5,376.01
674,64,Male,60,55,2,317.13
675,29,Male,82,14,7,376.05
676,26,Female,136,49,13,221.49
677,27,Male,29,83,15,466.66
678,61,Female,143,7,3,318.07
679,34,Female,125,30,5,147.71
680,55,Male,38,83,8,321.04
681,24,Male,41,49,1,146.97
682,63,Male,54,89,8,150.35
683,30,Female,38,16,18,202.8
684,57,Male,38,51,16,426.95
685,59,Female,18,72,18,252.65
686,26,Female,81,82,12,341.06
687,67,Male,48,92,13,199.02
688,44,Male,130,80,13,135.48
689,19,Male,37,83,10,477.55
690,22,Male,123,42,7,303.77
691,46,Male,83,17,14,467.31
692,54,Male,109,63,16,105.69
693,55,Female,76,45,15,77.71
694,36,Female,71,77,12,428.63
695,25,Female,68,7,9,342.05
696,65,Male,84,27,8,97.36
697,62,Female,115,10,18,138.33
698,18,Female,71,34,18,401.33
699,39,Female,149,36,13,229.66
700,69,Female,117,25,18,336.92
701,34,Female,99,6,15,162.58
702,24,Male,75,24,4,193.71
703,42,Male,17,18,17,495.4
704,62,Female,142,87,5,127.57
705,21,Female,100,6,16,255.7
706,53,Female,61,29,9,422.98
707,23,Male,90,25,10,123.42
708,48,Male,52,55,18,210.53
709,36,Female,101,81,17,309.47
710,61,Male,72,46,18,243.19
711,56,Male,64,24,7,232.45
712,44,Female,44,75,4,184.44
713,27,Male,115,26,5,295.39
714,43,Male,39,98,16,314.06
715,36,Female,126,28,3,328.38
716,56,Male,140,3,18,39.83
717,20,Male,137,75,14,317.36
718,62,Female,61,38,15,476.85
719,30,Male,132,61,17,272.79
720,67,Male,53,78,1,359.06
721,45,Female,30,51,17,280.58
722,37,Female,36,90,11,428.1
723,45,Female,68,48,17,465.14
724,25,Male,30,21,14,96.19
725,58,Female,73,54,19,221.25
726,56,Male,45,56,7,199.23
727,18,Female,46,94,13,205.58
728,20,Male,23,59,18,67.13
729,30,Female,24,72,14,407.74
730,45,Female,31,51,1,22.7
731,66,Female,82,20,7,266.47
732,42,Female,62,96,8,332.63
733,50,Male,125,86,18,107.7
734,55,Female,137,59,9,453.4
735,23,Female,115,71,1,420.08
736,61,Male,116,9,17,238.19
737,62,Female,79,1,19,208.52
738,49,Male,65,29,6,122.1
739,62,Female,50,63,3,366.35
740,64,Female,95,72,5,70.21
741,38,Female,141,56,2,341.72
742,33,Male,102,68,4,422.02
743,38,Female,118,35,10,118.09
744,28,Female,29,3,10,433.88
745,54,Female,110,7,11,21.49
746,53,Male,137,27,16,456.83
747,52,Male,15,1,17,63.59
748,36,Female,136,91,16,324.65
749,37,Male,140,80,7,128.79
750,35,Female,71,71,16,419.09
751,64,Female,95,44,3,258.59
752,58,Female,87,87,16,71.94
753,66,Female,84,41,8,287.64
754,31,Female,20,75,12,206.9
755,32,Female,98,42,3,332.42
756,48,Female,66,33,17,441.54
757,18,Male,17,50,18,207.65
758,20,Male,95,63,11,148.49
759,33,Male,77,37,4,12.18
760,40,Male,63,59,16,289.55
761,28,Male,90,81,17,204.13
762,29,Male,126,99,9,190.45
763,27,Male,123,48,6,95.55
764,49,Female,79,5,2,217.88
765,33,Female,95,48,9,492.3
766,25,Female,29,96,6,152.39
767,55,Female,114,3,3,301.85
768,29,Male,46,47,6,389.36
769,41,Male,110,62,7,375.83
770,45,Female,142,99,1,167.74
771,25,Female,127,14,1,307.38
772,45,Male,97,63,5,436.28
773,53,Female,57,61,6,12.65
774,43,Female,130,31,13,220.69
775,25,Female,92,95,2,116.02
776,67,Female,72,17,15,197.37
777,45,Male,47,24,15,210.91
778,45,Female,28,23,13,374.6
779,54,Female,146,82,14,51.44
780,58,Male,73,50,7,258.73
781,53,Male,97,78,14,284.28
782,44,Female,148,79,10,249.61
783,34,Male,135,79,17,367.28
784,26,Female,97,70,14,194.98
785,50,Female,41,27,8,472.76
786,37,Male,94,15,4,243.49
787,30,Female,148,50,16,287.75
788,45,Female,27,36,13,413.64
789,65,Female,78,8,18,141.24
790,46,Female,94,79,14,42.23
791,30,Male,137,3,18,355.35
792,63,Male,57,62,5,244.09
793,52,Female,103,47,9,448.77
794,23,Male,109,77,3,491.43
795,35,Female,16,98,8,202.56
796,68,Female,134,88,10,210.64
797,22,Female,36,96,19,206.94
798,64,Female,129,61,3,165.65
799,42,Female,71,32,11,391.94
800,19,Male,86,94,11,380.7
801,27,Female,21,13,17,241.93
802,47,Male,133,1,16,27.11
803,67,Male,128,34,7,158.23
804,62,Female,30,62,4,149.69
805,22,Female,97,79,19,406.49
806,50,Female,86,78,12,48.35
807,18,Female,138,93,15,403.81
808,35,Female,127,98,11,336.25
809,49,Male,26,82,5,367.56
810,64,Female,140,71,5,218.95
811,66,Female,67,93,15,341.46
812,28,Male,89,31,18,306.47
813,38,Male,147,64,11,385.65
814,43,Female,41,25,12,226.15
815,42,Male,148,38,2,239.05
816,39,Female,111,14,15,323.57
817,44,Male,19,8,4,58.5
818,66,Male,71,91,18,220.94
819,30,Female,92,54,6,486.12
820,50,Male,83,2,19,23.59
821,51,Male,132,81,11,161.42
822,58,Male,134,78,2,160.48
823,52,Male,73,89,8,318.56
824,18,Male,47,56,11,57.37
825,38,Male,76,94,5,316.13
826,65,Female,64,93,18,52.04
827,23,Female,126,84,18,52.0
828,45,Male,33,85,14,365.45
829,34,Female,137,61,10,165.45
830,22,Female,61,22,3,488.82
831,48,Female,47,35,9,23.49
832,22,Male,98,16,3,225.33
833,55,Female,149,50,11,61.0
834,20,Male,93,43,12,178.93
835,40,Female,28,17,12,499.12
836,54,Male,142,80,3,444.98
837,54,Male,68,58,7,28.92
838,27,Female,43,2,14,283.81
839,27,Female,38,4,11,325.67
840,36,Male,96,85,7,108.72
841,34,Female,77,39,10,76.83
842,38,Female,119,98,11,452.67
843,31,Female,71,94,15,484.56
844,26,Male,76,6,19,495.99
845,63,Male,31,81,16,395.93
846,18,Female,80,89,12,333.43
847,68,Female,20,69,18,176.14
848,62,Female,72,69,13,89.84
849,30,Male,83,20,5,44.1
850,21,Male,76,64,4,348.18
851,18,Female,96,16,14,393.44
852,66,Female,85,51,8,414.09
853,57,Female,145,37,9,457.31
854,49,Female,24,73,19,440.57
855,51,Female,112,69,3,499.87
856,45,Female,103,42,5,125.81
857,48,Male,49,57,18,382.84
858,25,Female,16,66,1,295.3
859,56,Male,138,9,8,134.32
860,43,Female,38,86,19,491.04
861,51,Female,88,64,17,449.46
862,20,Male,36,86,17,68.62
863,67,Male,53,22,11,17.95
864,29,Male,34,34,2,345.72
865,18,Male,55,55,6,304.04
866,61,Female,122,29,14,468.23
867,22,Male,98,38,3,120.83
868,47,Female,125,97,12,46.77
869,47,Male,80,18,4,133.31
870,34,Female,67,71,12,14.37
871,65,Female,48,65,13,22.77
872,64,Female,81,97,2,457.85
873,40,Female,148,1,2,179.25
874,32,Female,41,88,15,208.35
875,54,Female,24,4,17,14.09
876,38,Male,87,4,7,138.91
877,31,Female,110,82,14,403.34
878,19,Male,62,27,12,309.67
879,28,Male,84,43,17,378.12
880,68,Female,114,59,14,226.37
881,56,Male,73,32,6,158.32
882,55,Female,16,33,19,243.99
883,51,Male,79,28,6,164.92
884,55,Female,97,55,18,420.29
885,67,Male,24,60,5,152.35
886,51,Female,67,70,6,331.58
887,35,Female,93,62,2,72.81
888,47,Female,73,80,8,345.0
889,32,Female,62,34,15,457.08
890,44,Male,137,87,15,306.25
891,68,Female,36,88,11,282.13
892,51,Male,114,56,1,480.75
893,69,Male,112,13,18,315.56
894,55,Male,39,56,12,133.48
895,50,Female,42,18,12,149.73
896,41,Male,127,54,11,354.13
897,32,Male,59,77,8,369.04
898,47,Male,82,43,7,155.23
899,59,Female,21,39,2,175.95
900,68,Female,63,61,11,495.57
901,34,Male,97,42,10,55.47
902,22,Female,143,81,3,205.3
903,46,Female,87,79,10,35.91
904,21,Male,60,18,18,411.43
905,27,Male,120,23,14,50.71
906,34,Female,46,54,18,338.63
907,27,Male,20,30,8,32.96
908,34,Female,88,98,10,338.06
909,37,Female,128,58,13,422.3
910,41,Female,41,68,8,202.42
911,22,Female,68,67,4,263.45
912,51,Female,99,71,4,203.76
913,23,Female,141,18,5,153.74
914,19,Male,125,7,1,402.62
915,30,Male,29,40,17,139.64
916,60,Female,146,70,2,362.86
917,60,Female,107,86,8,107.07
918,65,Female,137,65,7,128.68
919,28,Male,87,68,15,171.55
920,68,Female,106,49,5,296.63
921,64,Male,31,52,2,229.94
922,40,Female,57,29,7,373.85
923,33,Female,135,21,8,110.72
924,48,Male,55,90,7,10.28
925,28,Male,53,78,7,389.4
926,33,Female,127,9,14,411.72
927,25,Female,125,47,18,34.44
928,21,Female,61,76,6,307.4
929,57,Male,77,42,4,192.21
930,21,Male,124,51,10,397.98
931,42,Male,83,56,18,437.84
932,20,Male,57,51,12,426.25
933,49,Male,48,70,16,389.72
934,20,Male,54,20,7,138.18
935,44,Female,75,88,6,406.89
936,46,Female,76,27,5,269.07
937,49,Male,72,38,3,31.11
938,67,Female,89,72,12,231.18
939,68,Female,30,65,15,471.37
940,36,Male,96,54,10,444.49
941,38,Female,108,24,19,55.62
942,22,Male,62,47,16,373.34
943,35,Male,96,71,11,403.87
944,45,Female,52,83,8,139.34
945,59,Male,141,86,3,238.45
946,39,Male,33,63,7,356.94
947,38,Male,77,57,7,222.33
948,23,Male,91,55,14,60.83
949,18,Male,145,60,2,354.41
950,22,Male,116,99,10,456.26
951,58,Male,79,62,19,327.98
952,29,Male,134,30,9,388.03
953,43,Female,105,93,16,182.39
954,63,Female,22,22,19,95.68
955,51,Female,87,75,18,323.17
956,66,Male,148,84,9,167.25
957,31,Male,121,29,16,430.74
958,43,Female,103,41,13,65.7
959,62,Female,53,42,10,219.56
960,44,Female,127,98,14,201.38
961,26,Male,42,65,12,469.34
962,43,Female,111,31,19,80.8
963,64,Female,51,30,7,9.87
964,39,Male,96,18,15,122.85
965,64,Female,70,17,16,411.04
966,47,Male,99,38,8,108.61
967,60,Male,16,14,10,124.23
968,65,Male,72,87,4,69.3
969,34,Female,121,89,19,359.14
970,43,Female,137,79,19,39.24
971,53,Male,128,56,15,168.95
972,18,Female,121,22,14,144.84
973,25,Female,51,67,1,279.8
974,66,Female,93,56,16,366.56
975,52,Female,106,19,10,268.77
976,69,Male,32,57,19,465.86
977,32,Female,112,44,3,475.96
978,64,Male,77,98,5,183.93
979,39,Male,18,35,9,389.95
980,31,Female,149,1,18,370.71
981,43,Male,75,52,11,447.02
982,45,Female,121,85,16,226.73
983,40,Female,68,93,2,267.58
984,31,Male,102,70,12,210.81
985,41,Male,82,37,6,425.94
986,19,Male,143,65,11,118.7
987,62,Male,69,51,8,123.66
988,43,Female,17,1,12,189.44
989,31,Female,135,91,2,119.02
990,68,Female,143,21,9,282.7
991,24,Male,116,53,15,71.57
992,20,Male,52,16,2,163.49
993,64,Male,99,61,1,457.16
994,40,Female,147,54,10,207.57
995,63,Male,106,40,2,375.38
996,60,Female,35,26,12,61.16
997,64,Male,123,80,8,127.54
998,62,Female,61,92,5,404.64
999,35,Female,98,65,1,382.68
1000,55,Male,97,74,15,196.15
1001,52,Male,49,64,6,477.43
1002,68,Female,83,43,12,455.77
1003,32,Female,143,17,8,481.34
1004,42,Male,41,59,13,216.82
1005,54,Male,70,23,19,102.75
1006,45,Female,37,7,1,315.2
1007,27,Male,35,44,11,343.96
1008,56,Female,75,53,1,67.09
1009,34,Female,77,71,8,394.31
1010,56,Male,136,79,5,13.94
1011,39,Male,66,34,17,243.95
1012,43,Male,102,46,8,168.85
1013,61,Male,69,68,10,371.45
1014,42,Male,60,78,2,159.82
1015,34,Female,46,78,9,414.27
1016,30,Female,69,16,3,299.5
1017,37,Male,110,71,18,397.98
1018,42,Male,147,96,7,494.72
1019,21,Male,50,19,15,341.18
1020,27,Female,124,2,18,492.55
1021,20,Male,120,10,3,19.27
1022,58,Male,72,50,14,172.38
1023,62,Female,53,81,2,58.39
1024,35,Female,94,12,14,134.84
1025,64,Male,111,70,11,420.25
1026,53,Male,127,22,16,21.0
1027,64,Male,75,32,8,262.49
1028,39,Female,20,84,7,285.73
1029,51,Male,123,1,11,282.77
1030,64,Male,49,54,3,240.27
1031,25,Male,53,58,17,396.35
1032,57,Female,132,70,14,71.1
1033,66,Female,19,83,6,158.74
1034,61,Male,101,18,8,309.78
1035,36,Male,90,6,5,347.02
1036,59,Female,71,45,8,205.05
1037,58,Female,141,97,2,438.31
1038,54,Female,43,23,15,210.67
1039,23,Female,101,23,12,204.37
1040,69,Female,60,26,17,22.92
1041,43,Female,130,77,1,277.81
1042,51,Female,126,7,15,355.8
1043,62,Female,59,79,14,61.65
1044,23,Female,118,44,16,156.19
1045,54,Male,99,27,9,391.72
1046,50,Male,148,26,1,186.13
1047,39,Male,122,97,17,124.59
1048,38,Female,32,79,13,337.74
1049,23,Male,108,36,5,102.4
1050,23,Female,47,55,10,448.35
1051,65,Female,140,64,6,57.27
1052,21,Male,136,91,19,354.74
1053,47,Female,129,57,13,252.28
1054,28,Male,42,69,1,435.62
1055,47,Male,25,61,15,67.47
1056,48,Male,61,2,14,340.56
1057,41,Female,141,55,8,288.17
1058,26,Male,132,97,10,242.64
1059,20,Female,140,80,9,248.25
1060,68,Male,86,87,17,362.38
1061,48,Male,121,38,9,469.18
1062,57,Male,47,80,3,50.17
1063,54,Female,33,78,11,14.65
1064,53,Female,88,29,12,403.82
1065,41,Female,112,26,10,58.54
1066,48,Male,143,35,17,493.41
1067,23,Male,107,79,17,311.58
1068,19,Female,62,67,11,327.18
1069,37,Female,78,87,4,103.45
1070,45,Female,75,29,7,123.95
1071,28,Female,53,34,14,331.38
1072,21,Female,142,97,7,455.31
1073,32,Female,102,41,8,491.28
1074,23,Male,40,41,1,103.03
1075,66,Female,31,23,4,71.39
1076,47,Male,85,71,12,32.92
1077,55,Male,27,3,3,434.81
1078,68,Female,83,58,13,150.88
1079,19,Female,40,32,6,5.9
1080,32,Male,63,31,11,115.79
1081,28,Female,21,82,4,173.52
1082,25,Female,72,43,16,495.54
1083,43,Male,63,7,7,264.15
1084,68,Male,117,1,11,106.33
1085,62,Male,67,61,1,170.74
1086,61,Female,76,14,7,168.5
1087,22,Male,31,52,12,14.76
1088,23,Female,39,96,7,71.92
1089,43,Male,145,6,7,349.12
1090,21,Male,43,10,10,64.52
1091,36,Male,131,71,16,119.21
1092,37,Female,40,90,8,178.61
1093,50,Female,138,98,9,380.08
1094,37,Male,39,30,9,293.29
1095,66,Male,68,21,2,346.05
1096,29,Male,87,60,13,285.67
1097,64,Female,134,81,13,343.38
1098,18,Male,70,97,4,6.41
1099,43,Female,79,74,12,465.79
1100,31,Male,107,63,17,59.91
1101,55,Male,100,42,2,206.09
1102,54,Male,94,51,13,386.66
1103,28,Male,122,64,18,220.44
1104,53,Male,132,76,15,473.69
1105,30,Male,97,56,8,236.46
1106,60,Female,29,80,15,438.1
1107,20,Male,145,41,1,406.36
1108,50,Female,44,32,10,490.59
1109,23,Male,71,15,12,463.64
1110,67,Male,142,62,5,449.57
1111,27,Female,62,27,9,367.14
1112,22,Male,36,28,8,186.66
1113,40,Female,20,81,16,57.53
1114,27,Female,118,64,14,345.88
1115,61,Male,50,59,13,489.43
1116,19,Female,93,58,13,364.67
1117,30,Female,130,2,5,464.72
1118,57,Male,71,36,16,403.13
1119,19,Female,63,71,11,85.74
1120,37,Male,96,13,5,128.36
1121,18,Male,80,15,13,174.22
1122,54,Male,91,89,11,88.29
1123,26,Male,59,87,19,292.92
1124,34,Female,93,60,3,487.85
1125,26,Male,34,22,15,381.92
1126,28,Male,137,63,7,214.58
1127,32,Female,81,90,7,7.23
1128,41,Male,97,97,6,160.07
1129,55,Male,17,75,3,265.75
1130,52,Female,78,74,13,165.5
1131,47,Female,54,25,7,59.96
1132,48,Female,73,48,5,224.17
1133,66,Female,76,43,18,130.36
1134,22,Female,146,38,8,455.07
1135,61,Female,74,41,17,55.37
1136,67,Female,130,45,1,29.33
1137,31,Male,89,88,14,7.63
1138,28,Female,136,40,17,167.39
1139,26,Female,121,97,10,331.89
1140,51,Female,110,17,12,366.55
1141,29,Male,105,88,16,229.36
1142,52,Male,144,57,14,343.74
1143,52,Female,76,2,16,183.16
1144,18,Female,63,96,8,335.56
1145,57,Female,106,62,10,25.1
1146,39,Male,138,88,17,198.42
1147,46,Male,75,9,18,396.47
1148,25,Female,62,68,16,402.49
1149,28,Male,72,81,17,359.49
1150,58,Female,115,17,16,106.1
1151,54,Male,126,50,19,127.37
1152,31,Male,76,94,8,498.06
1153,47,Female,53,40,6,56.17
1154,52,Female,72,58,6,94.43
1155,38,Female,113,75,9,69.36
1156,54,Female,58,85,4,167.19
1157,22,Male,43,21,12,109.04
1158,36,Male,73,18,12,251.36
1159,31,Male,85,55,17,240.63
1160,43,Female,106,29,15,451.25
1161,21,Male,23,24,9,22.2
1162,42,Female,141,74,7,163.34
1163,62,Male,148,17,10,300.35
1164,59,Female,145,18,16,304.38
1165,42,Female,35,42,12,242.66
1166,35,Male,78,84,7,408.75
1167,57,Female,104,45,18,36.05
1168,25,Female,50,82,15,408.67
1169,56,Male,76,17,6,249.9
1170,57,Female,90,73,12,71.21
1171,31,Female,27,14,11,443.42
1172,49,Female,25,49,3,326.37
1173,68,Male,68,29,2,85.96
1174,55,Male,30,95,6,21.66
1175,50,Female,22,4,5,74.85
1176,40,Male,118,82,18,306.35
1177,32,Female,73,20,16,93.75
1178,50,Female,71,47,8,116.75
1179,42,Female,54,9,11,17.44
1180,34,Female,144,77,10,362.85
1181,50,Female,108,79,12,406.13
1182,64,Male,58,27,6,399.44
1183,19,Female,94,15,5,68.15
1184,31,Male,95,92,9,452.13
1185,57,Male,16,19,16,337.78
1186,57,Female,129,90,14,449.28
1187,68,Female,104,52,8,226.34
1188,56,Male,37,26,19,221.29
1189,68,Male,76,89,14,393.35
1190,23,Male,127,26,7,51.18
1191,23,Female,142,26,5,262.83
1192,20,Male,76,46,18,419.01
1193,24,Female,52,92,2,415.95
1194,68,Female,75,49,11,478.29
1195,25,Female,143,82,8,350.64
1196,59,Male,136,96,1,107.85
1197,69,Female,124,53,12,15.04
1198,32,Female,27,3,2,242.31
1199,64,Female,114,66,18,259.28
1200,46,Female,149,97,7,123.93
1201,50,Female,36,42,17,66.73
1202,69,Male,88,19,14,295.17
1203,47,Female,146,17,7,383.31
1204,56,Female,37,33,3,496.61
1205,44,Male,133,76,6,380.36
1206,53,Female,84,49,2,397.85
1207,46,Male,98,56,17,310.15
1208,55,Female,115,63,12,493.03
1209,50,Male,98,3,12,321.78
1210,54,Male,42,49,17,430.83
1211,44,Female,15,55,10,473.16
1212,50,Female,77,26,3,465.28
1213,21,Female,36,99,18,193.8
1214,39,Male,84,72,13,43.94
1215,19,Male,139,52,12,90.08
1216,27,Male,110,7,17,34.32
1217,22,Female,93,46,4,57.17
1218,27,Male,19,46,10,96.4
1219,50,Male,74,16,11,173.84
1220,55,Female,134,24,6,274.05
1221,30,Male,60,61,6,357.28
1222,48,Male,148,54,9,109.41
1223,64,Female,70,62,15,337.9
1224,53,Male,124,1,2,353.61
1225,62,Female,118,49,4,281.52
1226,41,Female,91,25,5,452.29
1227,69,Female,16,10,17,59.94
1228,32,Female,22,80,8,92.68
1229,46,Female,89,16,8,217.19
1230,25,Male,139,58,12,67.72
1231,22,Male,52,72,8,285.32
1232,46,Female,41,29,19,202.21
1233,64,Female,34,92,3,145.87
1234,21,Male,57,6,18,89.14
1235,29,Female,45,16,19,170.99
1236,62,Female,105,20,19,305.94
1237,19,Female,75,80,15,290.01
1238,44,Male,123,71,6,85.99
1239,48,Male,105,78,16,66.84
1240,68,Female,109,43,8,18.2
1241,68,Female,27,26,16,11.15
1242,53,Male,127,90,18,440.51
1243,53,Male,49,78,16,27.32
1244,43,Female,62,71,11,366.95
1245,60,Female,49,33,7,436.63
1246,44,Male,100,26,17,53.54
1247,22,Male,128,45,17,220.97
1248,37,Male,114,84,12,481.34
1249,28,Female,113,63,13,417.9
1250,27,Male,17,67,10,247.4
1251,57,Female,99,52,7,382.47
1252,55,Male,139,68,14,417.52
1253,23,Male,97,26,1,177.27
1254,25,Male,39,75,17,446.62
1255,40,Male,82,2,4,237.88
1256,64,Female,75,14,5,266.26
1257,43,Female,43,30,7,499.86
1258,63,Male,141,49,10,422.43
1259,60,Female,33,12,17,184.08
1260,29,Male,88,90,7,10.12
1261,43,Male,75,44,1,314.96
1262,30,Male,34,33,7,353.44
1263,57,Male,62,13,11,327.15
1264,35,Female,101,78,9,484.09
1265,42,Male,124,88,12,432.17
1266,50,Male,42,98,3,227.17
1267,64,Female,73,26,4,36.11
1268,57,Male,147,21,4,240.65
1269,60,Male,65,28,13,346.18
1270,29,Male,26,48,19,305.82
1271,61,Female,64,40,10,271.38
1272,53,Male,146,66,5,237.07
1273,65,Female,127,73,7,150.41
1274,21,Male,28,87,16,142.29
1275,22,Male,46,79,1,252.61
1276,54,Female,69,77,12,84.5
1277,25,Male,134,23,2,173.64
1278,59,Male,89,81,7,165.37
1279,66,Female,35,48,11,295.63
1280,45,Female,147,2,13,38.01
1281,48,Female,101,84,2,415.69
1282,26,Female,73,20,7,283.38
1283,68,Female,103,59,15,337.06
1284,46,Male,97,46,11,353.03
1285,31,Female,79,3,2,149.28
1286,57,Male,78,55,7,237.83
1287,58,Male,85,12,4,478.34
1288,39,Male,18,40,11,384.52
1289,28,Female,118,66,2,484.93
1290,40,Female,107,78,16,374.4
1291,18,Male,126,16,7,91.92
1292,63,Female,133,83,13,36.95
1293,54,Female,73,34,5,290.94
1294,38,Female,57,44,17,182.12
1295,43,Female,26,6,12,141.35
1296,63,Male,54,77,19,404.57
1297,53,Male,132,64,7,186.66
1298,40,Female,34,22,6,161.92
1299,18,Male,145,18,8,425.74
1300,68,Female,104,12,13,423.91
1301,57,Female,108,52,5,181.4
1302,32,Male,27,94,2,417.09
1303,38,Male,80,51,9,426.14
1304,64,Male,51,71,11,214.85
1305,26,Female,80,96,6,37.9
1306,26,Male,50,48,7,5.78
1307,27,Female,40,19,7,264.03
1308,69,Male,89,6,19,175.32
1309,43,Male,122,84,6,498.58
1310,58,Female,57,27,11,387.34
1311,52,Female,22,53,11,381.83
1312,69,Female,43,48,7,477.85
1313,42,Female,54,7,2,444.42
1314,43,Female,142,59,19,162.5
1315,28,Female,98,69,4,87.16
1316,55,Female,130,11,6,374.22
1317,19,Female,76,15,17,192.25
1318,24,Male,21,64,5,239.22
1319,35,Female,59,3,7,317.05
1320,44,Female,102,69,9,454.4
1321,51,Male,87,23,1,212.45
1322,44,Female,51,53,1,392.74
1323,34,Male,133,37,19,137.83
1324,60,Male,71,9,6,350.5
1325,61,Female,22,15,18,5.78
1326,68,Male,109,3,10,436.4
1327,41,Female,131,93,11,20.04
1328,42,Male,124,70,1,357.81
1329,24,Male,34,17,1,27.9
1330,69,Male,138,26,13,136.79
1331,23,Female,67,21,5,251.12
1332,41,Female,133,72,1,212.87
1333,50,Male,26,21,3,99.96
1334,66,Male,31,11,18,170.24
1335,46,Female,78,38,9,365.21
1336,60,Female,56,72,14,336.28
1337,39,Male,108,88,17,40.55
1338,43,Male,25,35,14,374.92
1339,45,Female,112,14,4,31.26
1340,67,Female,85,14,5,273.75
1341,38,Female,122,10,17,133.73
1342,66,Female,72,12,2,295.91
1343,24,Female,48,38,5,134.36
1344,34,Male,34,34,4,492.55
1345,37,Female,64,41,4,158.32
1346,58,Male,116,10,6,124.77
1347,66,Female,66,17,13,142.84
1348,37,Male,29,17,5,448.75
1349,39,Female,98,67,7,319.93
1350,45,Female,145,62,1,366.69
1351,57,Male,51,95,14,459.42
1352,66,Male,140,1,4,456.38
1353,24,Female,54,12,17,370.78
1354,18,Female,86,4,14,102.92
1355,49,Female,54,42,16,422.47
1356,30,Female,70,13,14,105.87
1357,47,Female,118,98,16,372.73
1358,40,Male,124,85,8,344.37
1359,68,Male,107,86,3,380.65
1360,36,Female,108,4,19,268.68
1361,49,Male,70,82,1,321.17
1362,47,Male,74,69,2,476.89
1363,46,Male,53,19,15,55.04
1364,66,Female,42,2,10,157.88
1365,62,Male,63,12,18,307.62
1366,46,Female,139,81,14,482.21
1367,47,Male,27,74,17,52.31
1368,33,Female,50,98,13,16.16
1369,57,Male,115,6,1,32.6
1370,36,Female,40,8,5,30.94
1371,35,Female,100,51,13,454.37
1372,18,Male,18,11,14,362.02
1373,31,Female,96,63,3,340.17
1374,68,Female,141,57,15,263.67
1375,64,Female,102,12,19,392.07
1376,67,Female,141,73,17,82.05
1377,19,Female,134,2,3,199.01
1378,45,Female,36,8,16,247.55
1379,66,Female,144,11,14,59.65
1380,67,Female,45,53,12,212.66
1381,47,Male,133,10,12,161.67
1382,55,Male,25,85,11,22.61
1383,68,Female,60,84,17,72.68
1384,21,Female,110,8,8,383.2
1385,18,Male,24,36,17,13.93
1386,25,Male,142,93,11,467.46
1387,46,Male,113,76,2,47.78
1388,56,Female,126,14,10,400.62
1389,20,Male,74,54,10,449.82
1390,49,Female,101,85,11,470.86
1391,27,Female,79,86,6,434.4
1392,27,Male,71,21,4,147.34
1393,36,Female,120,50,12,169.88
1394,63,Female,23,94,11,216.14
1395,51,Female,36,39,13,73.95
1396,50,Female,103,20,5,16.02
1397,40,Male,32,88,6,435.22
1398,45,Male,129,87,1,279.29
1399,49,Female,120,7,6,306.32
1400,67,Female,29,9,18,463.86
1401,24,Male,77,1,9,334.23
1402,46,Female,27,26,15,346.97
1403,25,Male,95,38,8,394.55
1404,18,Female,46,38,19,62.59
1405,20,Female,54,61,16,183.28
1406,41,Male,96,44,6,484.26
1407,40,Male,91,86,6,461.85
1408,25,Male,90,44,3,442.62
1409,64,Male,52,74,10,228.78
1410,54,Female,85,62,1,429.31
1411,20,Male,62,6,14,28.96
1412,68,Female,32,17,4,78.52
1413,50,Male,53,51,12,209.91
1414,45,Male,103,38,6,244.28
1415,64,Female,76,24,11,135.44
1416,25,Male,123,51,12,181.46
1417,51,Male,95,10,10,85.57
1418,52,Male,148,72,18,247.12
1419,49,Male,91,21,7,397.95
1420,41,Female,104,70,7,332.37
1421,31,Female,28,85,11,58.36
1422,49,Male,109,57,4,246.35
1423,63,Male,68,39,1,350.33
1424,60,Male,146,88,13,267.3
1425,33,Female,53,33,18,198.88
1426,21,Female,86,59,9,312.85
1427,69,Female,39,18,9,484.48
1428,54,Female,91,56,9,51.98
1429,38,Male,134,92,10,198.06
1430,31,Male,67,57,2,206.27
1431,48,Male,145,96,6,290.6
1432,65,Female,110,76,15,80.33
1433,35,Male,86,48,3,92.44
1434,24,Female,76,42,11,146.25
1435,27,Female,20,27,6,478.16
1436,24,Male,46,74,3,368.38
1437,50,Male,113,52,11,332.54
1438,40,Male,145,42,15,409.39
1439,38,Female,90,32,13,68.15
1440,36,Female,73,26,10,430.37
1441,65,Male,45,25,6,299.44
1442,36,Male,107,75,15,170.99
1443,53,Female,83,23,18,408.85
1444,46,Male,66,98,18,402.27
1445,35,Female,103,57,7,423.63
1446,19,Female,141,52,15,62.18
1447,18,Male,45,87,18,484.83
1448,64,Male,98,93,18,480.01
1449,22,Male,141,31,9,181.95
1450,37,Male,146,64,2,37.62
1451,28,Female,27,71,8,87.69
1452,59,Female,59,33,2,496.45
1453,19,Female,141,85,11,283.69
1454,20,Male,128,2,7,181.53
1455,40,Female,34,18,6,147.66
1456,29,Male,95,47,10,132.21
1457,37,Male,143,33,5,333.76
1458,22,Male,31,98,11,212.6
1459,54,Male,72,84,1,482.88
1460,55,Male,86,35,2,343.5
1461,47,Male,123,51,1,397.06
1462,26,Female,37,18,19,149.91
1463,51,Male,86,88,2,44.2
1464,61,Female,22,72,4,246.47
1465,52,Female,73,30,12,160.72
1466,69,Male,125,44,18,105.03
1467,39,Male,27,53,1,476.56
1468,61,Male,30,10,1,224.77
1469,41,Female,133,87,14,91.48
1470,34,Male,16,52,4,103.33
1471,27,Female,44,49,5,143.95
1472,47,Male,117,11,11,499.66
1473,63,Male,27,66,13,137.67
1474,40,Female,110,58,16,167.76
1475,49,Female,108,90,13,331.37
1476,34,Male,96,36,2,150.51
1477,67,Female,27,33,16,111.82
1478,68,Female,108,47,6,83.53
1479,34,Female,126,13,14,159.78
1480,31,Female,69,40,1,57.43
1481,26,Female,95,89,17,14.23
1482,57,Male,130,68,11,403.3
1483,19,Male,122,42,19,73.26
1484,62,Female,67,19,3,389.11
1485,42,Male,142,82,11,399.78
1486,56,Male,71,94,5,271.27
1487,26,Female,66,19,17,158.29
1488,39,Male,125,58,7,76.79
1489,60,Female,15,23,10,369.72
1490,63,Female,58,54,11,302.69
1491,21,Male,89,80,3,329.45
1492,43,Female,112,65,10,9.29
1493,46,Female,23,12,10,464.12
1494,62,Female,46,24,14,37.81
1495,51,Female,29,34,12,186.57
1496,40,Female,86,53,15,204.34
1497,54,Male,26,8,10,5.67
1498,28,Male,79,18,10,251.06
1499,23,Female,121,57,19,377.64
1500,35,Female,56,5,1,412.52
1501,38,Male,129,26,10,440.3
1502,59,Female,117,30,2,246.42
1503,53,Male,109,54,17,317.16
1504,58,Female,31,13,7,44.36
1505,55,Female,99,83,7,246.58
1506,51,Female,70,29,9,81.63
1507,34,Female,148,3,2,187.97
1508,54,Female,100,90,14,168.01
1509,42,Female,116,58,17,214.65
1510,55,Female,68,76,1,287.96
1511,29,Male,129,2,9,451.92
1512,40,Male,102,75,19,200.27
1513,59,Male,63,28,4,490.66
1514,39,Female,129,82,8,380.72
1515,38,Female,77,77,13,258.18
1516,44,Female,118,86,4,323.79
1517,48,Female,97,76,9,55.6
1518,23,Female,117,2,9,423.04
1519,44,Female,31,7,18,293.27
1520,57,Female,20,26,12,493.1
1521,51,Male,42,90,10,320.03
1522,29,Female,52,88,11,417.89
1523,62,Male,133,76,7,400.88
1524,24,Male,51,16,9,176.0
1525,27,Female,129,23,6,133.51
1526,62,Female,82,40,19,218.09
1527,34,Male,57,60,16,236.28
1528,43,Male,72,73,15,123.84
1529,38,Female,27,32,7,447.83
1530,45,Female,66,15,16,273.56
1531,63,Male,72,13,5,489.33
1532,19,Female,46,5,16,405.96
1533,60,Female,119,75,1,280.07
1534,18,Female,97,74,19,473.78
1535,68,Male,113,52,5,254.91
1536,53,Male,118,77,7,444.12
1537,68,Male,42,41,19,182.28
1538,43,Female,143,53,5,192.43
1539,46,Female,62,50,17,211.97
1540,38,Male,54,15,8,275.58
1541,28,Male,111,7,1,278.98
1542,57,Male,128,40,2,250.72
1543,28,Female,146,28,15,156.47
1544,53,Male,125,32,18,463.97
1545,66,Male,90,99,11,296.35
1546,56,Female,45,15,10,206.83
1547,57,Female,133,85,4,327.33
1548,52,Female,39,70,5,385.14
1549,51,Male,48,65,4,480.56
1550,64,Female,81,4,13,252.28
1551,41,Female,132,11,13,60.49
1552,39,Male,87,26,18,223.18
1553,22,Female,40,61,2,242.09
1554,50,Male,118,37,16,449.01
1555,53,Male,24,23,1,200.43
1556,64,Female,81,93,19,476.9
1557,37,Female,19,85,9,245.14
1558,36,Female,41,91,3,487.02
1559,52,Female,127,40,7,9.06
1560,69,Female,29,77,10,449.91
1561,60,Female,119,23,1,465.9
1562,34,Male,58,16,10,480.71
1563,62,Male,40,94,9,11.47
1564,60,Female,109,61,15,89.99
1565,51,Male,98,68,15,328.61
1566,26,Female,146,80,3,17.61
1567,43,Male,101,31,5,36.49
1568,19,Male,126,53,9,114.43
1569,26,Male,143,25,9,258.66
1570,26,Female,103,44,7,275.22
1571,57,Male,80,12,12,21.96
1572,34,Female,145,90,9,89.33
1573,18,Male,136,97,6,252.35
1574,42,Male,98,92,2,299.0
1575,60,Male,130,9,9,78.46
1576,57,Male,130,12,17,202.43
1577,59,Male,52,69,1,452.68
1578,42,Female,124,54,19,499.46
1579,56,Female,60,54,6,493.67
1580,52,Male,39,28,5,441.43
1581,20,Male,35,56,2,200.36
1582,67,Male,135,99,9,344.85
1583,54,Male,136,69,14,211.21
1584,61,Female,147,98,4,326.02
1585,61,Male,84,98,4,158.17
1586,68,Female,127,77,15,305.07
1587,47,Male,121,58,8,264.26
1588,55,Female,126,78,4,17.12
1589,51,Male,122,75,16,396.4
1590,29,Male,61,42,4,10.89
1591,36,Female,105,38,16,150.11
1592,54,Male,32,68,12,7.93
1593,61,Male,118,53,16,191.22
1594,66,Male,54,33,19,36.26
1595,34,Female,103,71,8,457.19
1596,27,Male,75,56,6,210.76
1597,66,Male,19,72,10,232.45
1598,64,Female,136,51,5,178.18
1599,29,Female,69,74,18,315.62
1600,33,Female,51,43,10,393.28
1601,41,Male,70,15,10,325.83
1602,36,Male,116,38,7,375.36
1603,25,Male,107,15,18,453.46
1604,48,Female,87,5,1,432.46
1605,38,Male,73,93,7,338.66
1606,34,Male,16,83,1,111.25
1607,40,Female,118,54,15,320.66
1608,54,Female,65,51,4,255.51
1609,33,Female,44,10,10,360.02
1610,23,Female,25,12,9,417.3
1611,25,Female,122,4,2,372.65
1612,42,Male,90,95,14,424.05
1613,35,Female,104,18,16,36.61
1614,42,Male,137,80,1,20.65
1615,29,Male,139,36,2,132.96
1616,32,Female,136,25,7,450.83
1617,43,Female,108,87,10,412.71
1618,58,Female,117,76,1,342.95
1619,62,Male,45,98,13,351.88
1620,43,Female,66,36,1,364.7
1621,64,Female,103,67,5,471.59
1622,49,Female,90,9,16,416.93
1623,27,Female,143,61,15,313.58
1624,33,Female,36,53,17,334.53
1625,24,Male,54,18,16,110.8
1626,34,Male,115,43,13,330.37
1627,40,Male,125,35,11,215.22
1628,43,Female,143,63,17,80.72
1629,38,Female,79,98,17,404.17
1630,39,Female,93,78,2,257.57
1631,24,Male,36,4,13,488.83
1632,31,Female,113,93,14,144.43
1633,32,Female,22,41,11,242.93
1634,24,Female,31,45,10,226.76
1635,26,Male,31,50,3,64.79
1636,68,Female,104,79,17,215.93
1637,65,Male,95,28,15,147.34
1638,25,Female,92,42,9,84.36
1639,67,Male,20,80,10,144.67
1640,40,Male,124,76,8,120.46
1641,46,Male,28,69,13,368.37
1642,35,Female,86,98,18,20.23
1643,48,Female,68,1,5,310.64
1644,47,Male,41,39,6,381.53
1645,69,Male,27,96,17,242.96
1646,56,Female,74,90,11,466.12
1647,52,Female,20,17,16,355.4
1648,35,Male,72,91,9,375.22
1649,59,Female,63,88,2,102.48
1650,56,Female,40,35,5,389.76
1651,34,Female,61,46,1,416.89
1652,31,Female,19,42,4,183.83
1653,48,Male,34,39,4,110.61
1654,41,Female,148,90,3,195.6
1655,52,Female,73,49,9,371.11
1656,61,Male,146,62,12,211.73
1657,62,Male,31,38,10,369.64
1658,51,Female,28,23,2,61.21
1659,20,Female,27,22,11,403.98
1660,54,Female,149,4,10,130.34
1661,60,Female,142,49,6,128.22
1662,57,Male,58,59,18,297.24
1663,43,Male,133,73,2,39.71
1664,40,Male,33,68,2,18.02
1665,61,Female,77,71,10,134.21
1666,56,Female,95,87,16,271.34
1667,32,Female,114,2,12,454.27
1668,66,Female,136,49,1,423.99
1669,21,Male,58,88,8,247.77
1670,46,Male,118,95,16,23.34
1671,39,Female,75,31,18,269.95
1672,42,Male,139,40,13,353.87
1673,30,Female,85,48,15,172.89
1674,35,Female,121,51,12,59.98
1675,50,Male,64,43,8,142.89
1676,33,Female,79,98,10,386.94
1677,62,Female,113,55,14,178.87
1678,59,Male,46,88,5,406.93
1679,61,Female,72,49,18,163.16
1680,19,Female,142,90,19,85.96
1681,52,Male,126,80,15,220.74
1682,59,Female,82,57,6,228.88
1683,51,Male,54,77,11,12.97
1684,47,Female,146,15,11,62.94
1685,30,Male,104,27,18,96.54
1686,30,Male,42,68,18,61.23
1687,35,Male,110,80,10,174.06
1688,49,Female,45,64,2,482.49
1689,49,Male,17,94,9,257.07
1690,52,Male,38,30,14,315.64
1691,56,Male,29,36,19,181.41
1692,63,Male,59,67,10,165.13
1693,69,Male,22,86,4,16.46
1694,46,Female,85,86,6,252.67
1695,66,Female,122,49,14,244.39
1696,46,Female,129,76,4,83.13
1697,61,Female,117,55,15,383.34
1698,33,Female,139,85,16,248.87
1699,61,Female,71,56,7,172.8
1700,64,Female,44,68,17,77.72
1701,27,Male,128,95,19,278.32
1702,47,Female,131,44,19,377.64
1703,42,Male,74,31,17,144.59
1704,56,Male,112,58,6,113.3
1705,37,Female,140,87,11,263.36
1706,22,Male,108,53,16,81.89
1707,18,Male,148,84,8,334.97
1708,47,Male,136,79,11,304.65
1709,66,Male,122,23,7,48.11
1710,20,Female,18,28,19,23.08
1711,62,Female,107,16,10,312.04
1712,31,Female,20,37,9,150.68
1713,47,Female,46,21,4,47.79
1714,67,Female,120,79,15,380.92
1715,21,Female,29,17,13,160.45
1716,35,Female,136,37,2,232.5
1717,54,Female,110,77,2,122.22
1718,42,Female,20,19,16,315.52
1719,65,Female,126,30,9,154.24
1720,18,Male,134,45,13,484.17
1721,63,Female,137,18,3,352.96
1722,32,Male,81,78,9,72.68
1723,26,Male,120,62,13,211.26
1724,32,Male,57,36,2,195.78
1725,66,Male,110,84,8,269.45
1726,41,Female,146,52,9,421.76
1727,21,Male,95,19,16,293.79
1728,29,Female,55,44,2,35.47
1729,54,Female,147,7,6,329.43
1730,54,Male,49,44,8,9.09
1731,60,Female,36,68,5,391.08
1732,23,Male,126,34,9,334.98
1733,56,Male,25,66,1,157.85
1734,63,Female,17,69,9,149.76
1735,41,Female,74,55,10,400.15
1736,28,Male,90,10,4,392.75
1737,30,Female,101,96,3,179.39
1738,51,Female,28,42,10,152.98
1739,42,Female,32,41,15,282.11
1740,24,Male,127,77,11,9.14
1741,69,Male,87,69,14,45.92
1742,21,Female,37,10,6,67.45
1743,25,Female,97,10,12,96.78
1744,37,Female,139,91,13,258.45
1745,46,Female,83,60,17,496.16
1746,68,Female,61,51,16,328.04
1747,62,Male,130,21,3,35.34
1748,63,Female,44,8,2,265.16
1749,27,Male,39,65,11,250.84
1750,60,Female,126,92,9,76.36
1751,51,Male,39,78,3,460.53
1752,43,Female,88,85,18,223.18
1753,58,Male,72,30,15,497.31
1754,66,Female,108,85,14,212.94
1755,20,Male,133,49,2,305.94
1756,23,Male,141,9,17,56.86
1757,22,Male,39,17,8,229.84
1758,22,Male,92,69,10,123.19
1759,64,Male,113,58,18,418.6
1760,40,Male,130,57,19,393.04
1761,66,Female,62,62,8,412.97
1762,26,Male,24,95,8,363.19
1763,52,Female,113,52,3,417.18
1764,37,Female,25,61,3,104.41
1765,66,Female,99,40,12,228.76
1766,59,Female,149,38,17,347.46
1767,52,Female,140,43,4,320.51
1768,67,Male,78,63,17,359.6
1769,35,Male,16,19,14,116.01
1770,34,Male,90,50,19,53.73
1771,41,Female,135,33,9,458.82
1772,20,Male,56,13,12,282.29
1773,49,Male,68,78,5,81.14
1774,52,Male,89,97,11,397.75
1775,55,Male,30,62,3,457.89
1776,30,Male,32,93,15,88.93
1777,64,Female,104,43,14,409.62
1778,42,Male,20,49,11,466.95
1779,26,Female,122,36,8,469.49
1780,21,Female,62,10,4,457.51
1781,31,Female,56,95,12,275.48
1782,54,Female,90,6,8,181.32
1783,51,Female,91,57,6,8.6
1784,28,Male,146,1,15,35.15
1785,58,Male,144,71,12,217.28
1786,20,Male,73,58,16,202.67
1787,45,Female,41,91,16,96.43
1788,46,Male,93,21,4,200.76
1789,26,Male,86,92,11,91.45
1790,20,Female,21,80,13,425.15
1791,42,Female,125,56,9,152.61
1792,51,Female,133,87,4,301.29
1793,29,Female,77,20,12,253.91
1794,59,Male,138,54,9,30.68
1795,26,Female,26,25,13,471.41
1796,32,Female,57,28,16,265.98
1797,57,Male,31,5,6,165.9
1798,42,Male,77,21,10,83.27
1799,22,Female,134,18,13,172.57
1800,28,Male,50,47,7,15.15
1801,51,Female,22,70,19,184.96
1802,41,Female,83,57,19,268.09
1803,32,Male,104,93,17,436.57
1804,55,Male,50,19,13,345.25
1805,25,Female,42,97,13,60.23
1806,22,Female,132,65,2,78.13
1807,65,Female,107,3,10,216.92
1808,43,Male,90,42,13,101.88
1809,35,Female,115,21,9,18.79
1810,23,Female,28,99,1,403.48
1811,54,Female,85,40,14,14.66
1812,65,Female,138,67,16,416.19
1813,30,Female,139,25,15,76.33
1814,45,Male,51,55,1,487.47
1815,22,Female,43,84,17,303.92
1816,30,Female,33,52,13,368.82
1817,34,Female,120,44,15,59.69
1818,67,Female,35,98,16,431.74
1819,57,Male,78,85,16,420.4
1820,62,Male,41,56,2,328.23
1821,49,Male,69,55,17,253.63
1822,46,Female,43,87,11,362.14
1823,68,Female,39,70,8,7.93
1824,20,Male,84,77,3,298.26
1825,57,Male,77,87,12,424.47
1826,51,Male,144,73,16,181.67
1827,57,Female,30,81,14,58.6
1828,44,Female,114,66,16,213.33
1829,30,Male,44,19,17,364.92
1830,62,Male,59,83,11,58.11
1831,50,Male,33,7,17,106.99
1832,23,Female,48,63,19,78.04
1833,41,Female,76,42,1,399.49
1834,36,Female,132,42,12,36.13
1835,33,Male,114,59,15,344.86
1836,57,Male,36,20,18,186.4
1837,45,Female,125,73,14,379.12
1838,50,Male,87,17,1,482.37
1839,65,Female,52,27,13,61.7
1840,58,Male,84,47,15,160.62
1841,30,Male,130,2,7,406.01
1842,60,Male,93,63,15,136.75
1843,62,Male,23,62,10,111.48
1844,42,Female,46,19,14,413.56
1845,59,Male,146,17,6,493.61
1846,53,Female,64,69,14,280.66
1847,44,Female,96,39,12,142.63
1848,55,Female,19,82,11,202.29
1849,24,Male,101,71,19,89.21
1850,22,Female,140,81,2,382.13
1851,60,Female,89,39,1,387.87
1852,62,Female,36,36,8,438.18
1853,68,Male,82,40,14,18.17
1854,48,Male,58,45,9,283.18
1855,40,Female,48,4,2,111.06
1856,59,Male,91,25,5,173.74
1857,27,Female,56,69,8,393.55
1858,49,Female,120,30,16,100.06
1859,60,Male,109,76,16,320.98
1860,47,Female,149,68,13,329.01
1861,56,Male,82,88,15,477.28
1862,48,Male,142,29,1,388.7
1863,35,Female,99,73,3,402.8
1864,53,Male,97,68,6,268.14
1865,19,Male,109,51,14,97.46
1866,31,Female,46,24,4,215.65
1867,30,Female,80,14,18,277.0
1868,46,Male,130,69,15,340.82
1869,29,Male,144,18,9,305.82
1870,56,Female,74,42,18,200.02
1871,19,Male,31,57,3,136.33
1872,49,Male,110,83,10,88.27
1873,30,Male,30,12,17,348.45
1874,63,Male,60,82,7,324.47
1875,44,Male,121,17,15,345.25
1876,66,Male,102,30,1,189.4
1877,58,Male,143,88,11,134.89
1878,34,Female,133,75,17,381.06
1879,57,Female,99,99,5,387.96
1880,48,Female,18,23,7,230.53
1881,51,Female,85,81,19,307.89
1882,41,Female,125,1,15,189.89
1883,62,Male,64,79,3,352.46
1884,52,Male,109,32,15,418.68
1885,65,Male,106,9,5,345.68
1886,23,Male,79,15,12,258.73
1887,36,Female,61,28,5,232.04
1888,47,Male,120,24,3,322.95
1889,24,Male,144,60,9,341.51
1890,27,Female,120,35,9,281.57
1891,58,Male,38,86,7,314.35
1892,49,Male,18,27,2,52.81
1893,51,Female,122,83,16,476.12
1894,45,Male,33,76,9,396.43
1895,32,Male,54,20,13,190.09
1896,47,Male,64,65,19,283.59
1897,54,Male,89,85,17,28.43
1898,46,Male,26,49,6,25.41
1899,39,Female,41,1,4,129.15
1900,21,Female,127,10,1,346.4
1901,37,Female,63,47,18,426.81
1902,49,Female,144,59,19,281.8
1903,53,Female,74,96,9,268.41
1904,67,Female,44,62,13,204.14
1905,21,Male,98,86,8,84.99
1906,44,Female,42,18,13,63.59
1907,34,Female,39,46,15,381.54
1908,29,Male,110,32,11,464.11
1909,39,Male,139,27,12,231.85
1910,34,Female,24,92,14,331.43
1911,27,Male,56,18,4,457.66
1912,18,Female,54,39,1,49.61
1913,39,Male,91,49,4,386.39
1914,43,Female,119,93,19,310.32
1915,35,Male,132,82,9,301.33
1916,67,Male,56,44,10,149.81
1917,31,Female,61,72,4,343.53
1918,64,Female,36,54,9,398.42
1919,46,Female,121,95,13,60.86
1920,29,Female,41,34,12,269.09
1921,53,Female,55,71,11,55.13
1922,52,Male,94,36,12,436.92
1923,69,Female,103,18,18,256.28
1924,29,Female,80,38,12,404.94
1925,24,Male,26,59,16,187.2
1926,46,Male,87,9,5,66.91
1927,28,Female,90,73,12,25.54
1928,50,Male,104,72,11,144.35
1929,23,Male,24,51,9,125.9
1930,64,Female,110,35,18,282.37
1931,32,Male,34,82,3,15.76
1932,49,Male,53,5,17,262.68
1933,68,Female,74,14,14,198.93
1934,28,Female,80,92,1,290.68
1935,40,Male,79,30,17,352.7
1936,43,Male,138,4,8,318.88
1937,51,Female,144,39,5,492.4
1938,63,Male,71,84,5,73.44
1939,51,Male,92,64,9,217.72
1940,46,Male,43,25,3,215.29
1941,21,Female,29,28,19,211.44
1942,34,Male,26,76,9,333.58
1943,52,Male,115,66,18,247.46
1944,30,Female,98,78,16,261.13
1945,58,Male,139,22,1,219.02
1946,56,Male,117,31,2,495.89
1947,32,Female,38,23,14,464.14
1948,46,Female,124,48,14,157.32
1949,46,Female,92,20,1,60.24
1950,28,Female,115,38,16,420.68
1951,69,Male,142,55,15,498.6
1952,49,Male,72,68,15,149.84
1953,19,Female,90,79,12,182.1
1954,64,Female,50,88,16,471.11
1955,31,Male,36,89,14,357.01
1956,37,Female,141,1,15,151.34
1957,39,Male,94,7,15,292.62
1958,28,Female,114,57,19,472.39
1959,44,Male,110,95,8,406.85
1960,20,Female,32,12,2,372.21
1961,34,Female,52,5,2,369.81
1962,61,Male,123,50,10,93.12
1963,45,Female,137,42,3,413.22
1964,46,Male,118,12,17,141.68
1965,38,Male,95,18,8,465.53
1966,64,Male,101,66,4,185.5
1967,33,Male,75,74,14,429.54
1968,54,Male,60,79,10,136.79
1969,37,Female,46,94,1,259.69
1970,23,Female,29,17,4,57.91
1971,36,Male,58,68,1,331.76
1972,22,Female,68,71,17,418.86
1973,20,Male,58,62,17,360.63
1974,18,Female,112,41,7,264.01
1975,55,Female,19,95,15,27.33
1976,32,Female,123,34,13,467.05
1977,51,Female,41,70,2,354.22
1978,52,Male,130,45,19,374.2
1979,66,Male,101,58,13,398.37
1980,42,Female,118,51,11,375.13
1981,41,Female,137,34,15,223.35
1982,29,Male,93,44,10,368.14
1983,35,Female,57,15,9,314.39
1984,32,Male,111,78,9,427.74
1985,61,Male,45,70,1,402.22
1986,33,Male,113,50,17,25.48
1987,44,Female,31,32,12,192.55
1988,25,Male,97,67,10,22.18
1989,63,Female,124,3,5,55.53
1990,42,Male,46,86,18,302.7
1991,34,Female,49,86,15,437.54
1992,46,Female,147,74,6,64.31
1993,25,Female,43,51,7,228.29
1994,32,Male,84,67,17,455.89
1995,44,Male,109,76,6,408.08
1996,63,Female,36,93,8,262.24
1997,67,Female,83,48,12,386.93
1998,69,Female,103,17,14,263.73
1999,24,Male,86,7,12,83.26
2000,20,Male,143,13,10,66.74
